0,0.0640871
10,0.0160218
20,-0.0160218
30,0.0
40,-0.0480653
50,0.0160218
60,-0.0320435
70,-0.0160218
80,0.0480653
90,0.0
100,0.0160218
110,0.0320435
120,0.0320435
130,0.0160218
140,0.0320435
150,0.0320435
160,0.0
170,-0.0320435
180,0.0160218
190,-0.0160218
200,-0.0480653
210,-0.0320435
220,-0.0320435
230,-0.0480653
240,-0.0160218
250,0.0640871
260,0.0480653
270,-0.0320435
280,0.0160218
290,0.0
300,-0.0320435
310,0.0
320,-0.0160218
330,0.0
340,-0.0480653
350,0.0
360,0.0
370,0.0320435
380,-0.0801088
390,-0.0160218
400,0.0
410,-0.0480653
420,0.0
430,-0.0320435
440,0.0160218
450,0.0160218
460,-0.0160218
470,0.0320435
480,0.0
490,0.0320435
500,0.0
510,-0.0320435
520,0.0160218
530,-0.0320435
540,-0.0320435
550,-0.0480653
560,-0.0480653
570,0.0
580,-0.0160218
590,0.0160218
600,2.211
610,13.9389
620,12.3368
630,10.8307
640,10.3501
650,10.2379
660,10.0617
670,9.56499
680,9.96554
690,9.67715
700,10.0136
710,9.2766
720,9.61306
730,9.08434
740,9.37273
750,9.54897
760,9.4208
770,9.77328
780,9.69317
790,9.45284
800,9.32467
810,9.59704
820,9.82134
830,9.30865
840,9.03628
850,8.57164
860,10.0136
870,9.38875
880,10.0136
890,9.14843
900,8.69982
910,8.95617
920,9.19649
930,9.45284
940,9.74123
950,9.38875
960,8.84401
970,9.22854
980,9.2766
990,9.19649
1000,9.51693
1010,9.10036
1020,8.76391
1030,9.46886
1040,8.92412
1050,9.21252
1060,9.03628
1070,9.30865
1080,8.84401
1090,8.74788
1100,9.10036
1110,8.29927
1120,8.52358
1130,9.02025
1140,9.80532
1150,9.29262
1160,8.65175
1170,9.21252
1180,8.58767
1190,8.71584
1200,8.42745
1210,9.40478
1220,8.86004
1230,8.89208
1240,8.84401
1250,8.12304
1260,8.71584
1270,8.81197
1280,8.79595
1290,8.41143
1300,8.86004
1310,8.23519
1320,8.63573
1330,8.29927
1340,8.58767
1350,8.58767
1360,8.76391
1370,8.05895
1380,8.09099
1390,8.12304
1400,8.44347
1410,7.97884
1420,8.21917
1430,9.02025
1440,8.29927
1450,8.47551
1460,8.55562
1470,8.36336
1480,7.86669
1490,8.36336
1500,8.66778
1510,9.43682
1520,9.00423
1530,9.48489
1540,10.0937
1550,9.80532
1560,10.8467
1570,10.9108
1580,11.5837
1590,12.0964
1600,13.1378
1610,13.3301
1620,13.9389
1630,14.9804
1640,15.8936
1650,15.7654
1660,17.0472
1670,16.3422
1680,16.6626
1690,17.4317
1700,16.9831
1710,16.9831
1720,17.2554
1730,17.8643
1740,17.7201
1750,17.7521
1760,18.0886
1770,18.6814
1780,17.7361
1790,17.688
1800,18.393
1810,18.0726
1820,17.5438
1830,18.0565
1840,17.3035
1850,18.0085
1860,18.1847
1870,17.0632
1880,17.0632
1890,18.6814
1900,17.7521
1910,17.9604
1920,17.3996
1930,17.3996
1940,17.9123
1950,17.7521
1960,18.6654
1970,18.393
1980,17.9764
1990,17.3356
2000,17.2875
2010,17.3996
2020,18.6013
2030,17.2234
2040,17.7521
2050,18.1206
2060,18.1046
2070,18.1847
2080,17.6239
2090,16.935
2100,17.7201
2110,17.672
2120,17.672
2130,17.4157
2140,17.7201
2150,16.6626
2160,17.8482
2170,17.1112
2180,17.1112
2190,18.2488
2200,19.2902
2210,18.9698
2220,18.8897
2230,19.4664
2240,18.7455
2250,18.8096
2260,19.7228
2270,17.1753
2280,18.409
2290,16.7908
2300,19.162
2310,19.5305
2320,19.6747
2330,20.4598
2340,20.7001
2350,23.0073
2360,23.9686
2370,24.6575
2380,24.6415
2390,26.468
2400,27.2851
2410,27.8298
2420,28.7751
2430,28.5668
2440,29.3999
2450,29.2557
2460,28.8392
2470,29.6242
2480,30.8259
2490,31.0822
2500,29.8646
2510,29.3038
2520,30.5695
2530,28.7751
2540,29.448
2550,30.1369
2560,28.4386
2570,30.5215
2580,29.0795
2590,28.6149
2600,29.3359
2610,28.8712
2620,29.7684
2630,29.7044
2640,29.3999
2650,30.3132
2660,28.5828
2670,29.3839
2680,29.1917
2690,30.0088
2700,27.7817
2710,29.9126
2720,29.1917
2730,29.0955
2740,28.5348
2750,28.8552
2760,30.0248
2770,28.1022
2780,29.0795
2790,29.6082
2800,29.2878
2810,28.8552
2820,30.1049
2830,29.6242
2840,30.4574
2850,30.0088
2860,29.1917
2870,29.9607
2880,30.2811
2890,30.7458
2900,29.3198
2910,29.9607
2920,28.9193
2930,30.2171
2940,30.1369
2950,28.8712
2960,29.8005
2970,30.2972
2980,31.3386
2990,29.2397
3000,29.9927
3010,30.3292
3020,32.3319
3030,33.9982
3040,33.2932
3050,35.8888
3060,38.7567
3070,42.2334
3080,44.893
3090,46.2388
3100,48.9946
3110,52.279
3120,57.0054
3130,64.8882
3140,75.9111
3150,88.4241
3160,105.872
3170,124.906
3180,147.721
3190,163.23
3200,180.549
3210,190.691
3220,188.256
3230,182.151
3240,163.951
3250,142.417
3260,117.856
3270,94.6085
3280,72.6267
3290,55.6756
3300,43.6593
3310,30.4253
3320,24.257
3330,18.2167
3340,14.3875
3350,11.6799
3360,8.92412
3370,7.19377
3380,5.31923
3390,4.38996
3400,3.41264
3410,2.93198
3420,2.45133
3430,2.37122
3440,2.11487
3450,1.92261
3460,2.25907
3470,2.30713
3480,1.474
3490,2.29111
3500,2.4994
3510,2.25907
3520,2.19498
3530,1.87455
3540,2.03476
3550,2.211
3560,2.03476
3570,2.00272
3580,2.01874
3590,1.90659
3600,2.19498
3610,2.16294
3620,2.03476
3630,2.45133
3640,2.25907
3650,1.9867
3660,2.11487
3670,2.22703
3680,2.13089
3690,2.08283
3700,2.211
3710,2.29111
3720,2.3552
3730,1.71433
3740,2.46735
3750,1.69831
3760,2.08283
3770,2.13089
3780,2.24305
3790,2.06681
3800,2.16294
3810,1.95466
3820,2.05079
3830,2.27509
3840,1.90659
3850,2.30713
3860,2.45133
3870,1.95466
3880,1.79444
3890,1.90659
3900,2.13089
3910,2.00272
3920,2.03476
3930,2.19498
3940,2.27509
3950,2.09885
3960,1.90659
3970,2.06681
3980,2.3552
3990,2.22703
4000,2.45133
4010,2.3552
4020,2.01874
4030,1.90659
4040,1.9867
4050,1.9867
4060,2.211
4070,2.01874
4080,2.211
4090,2.13089
4100,2.01874
4110,2.00272
4120,1.95466
4130,2.03476
4140,2.40326
4150,1.89057
4160,2.16294
4170,2.09885
4180,2.14692
4190,2.14692
4200,1.95466
4210,2.13089
4220,2.06681
4230,2.06681
4240,2.14692
4250,2.08283
4260,2.22703
4270,1.85852
4280,2.16294
4290,2.05079
4300,2.24305
4310,2.11487
4320,2.16294
4330,2.13089
4340,1.97068
4350,2.13089
4360,2.40326
4370,1.79444
4380,1.95466
4390,1.93863
4400,2.211
4410,1.8425
4420,2.03476
4430,2.27509
4440,1.93863
4450,2.13089
4460,1.8425
4470,2.25907
4480,2.00272
4490,2.06681
4500,2.08283
4510,1.9867
4520,2.29111
4530,2.30713
4540,2.45133
4550,2.08283
4560,2.08283
4570,1.92261
4580,2.22703
4590,2.41929
4600,2.25907
4610,1.52207
4620,2.211
4630,2.01874
4640,2.08283
4650,2.00272
4660,2.37122
4670,2.32316
4680,2.05079
4690,2.17896
4700,2.25907
4710,2.13089
4720,1.93863
4730,1.8425
4740,2.00272
4750,2.3552
4760,2.211
4770,2.11487
4780,2.05079
4790,2.27509
4800,2.3552
4810,1.95466
4820,1.85852
4830,2.3552
4840,1.87455
4850,2.33918
4860,2.01874
4870,1.97068
4880,1.93863
4890,2.25907
4900,2.11487
4910,2.05079
4920,1.95466
4930,1.92261
4940,2.11487
4950,2.211
4960,2.24305
4970,2.11487
4980,2.09885
4990,2.29111
5000,1.90659
5010,1.79444
5020,2.01874
5030,1.87455
5040,2.14692
5050,2.03476
5060,2.08283
5070,2.59553
5080,1.87455
5090,2.11487
5100,2.48337
5110,2.09885
5120,1.82648
5130,2.05079
5140,2.3552
5150,2.17896
5160,2.211
5170,2.45133
5180,1.81046
5190,1.95466
5200,2.22703
5210,1.81046
5220,2.13089
5230,2.33918
5240,2.11487
5250,1.81046
5260,2.22703
5270,1.87455
5280,2.19498
5290,2.09885
5300,2.01874
5310,2.08283
5320,2.27509
5330,1.95466
5340,2.06681
5350,2.00272
5360,2.3552
5370,2.13089
5380,2.3552
5390,2.24305
5400,1.92261
5410,1.89057
5420,2.16294
5430,2.06681
5440,2.13089
5450,1.8425
5460,2.30713
5470,2.22703
5480,1.92261
5490,2.22703
5500,1.92261
5510,2.17896
5520,2.25907
5530,2.14692
5540,2.33918
5550,2.09885
5560,2.25907
5570,2.211
5580,2.00272
5590,1.71433
5600,1.8425
5610,2.11487
5620,2.11487
5630,2.09885
5640,2.43531
5650,2.29111
5660,2.09885
5670,2.16294
5680,1.87455
5690,2.37122
5700,2.13089
5710,2.08283
5720,2.16294
5730,1.92261
5740,2.17896
5750,1.9867
5760,2.01874
5770,1.9867
5780,1.97068
5790,2.27509
5800,2.22703
5810,2.08283
5820,1.90659
5830,1.87455
5840,2.32316
5850,1.93863
5860,2.27509
5870,2.22703
5880,2.06681
5890,2.27509
5900,2.37122
5910,1.97068
5920,1.92261
5930,2.33918
5940,2.19498
5950,2.29111
5960,2.00272
5970,1.85852
5980,2.08283
5990,2.03476
6000,2.13089
6010,1.87455
6020,2.16294
6030,2.11487
6040,2.24305
6050,1.74637
6060,2.29111
6070,2.27509
6080,2.22703
6090,1.9867
6100,2.25907
6110,2.13089
6120,2.19498
6130,1.73035
6140,2.32316
6150,2.29111
6160,2.01874
6170,2.211
6180,2.16294
6190,1.93863
6200,1.85852
6210,2.45133
6220,2.03476
6230,1.79444
6240,2.13089
6250,2.03476
6260,2.22703
6270,2.03476
6280,2.03476
6290,2.16294
6300,2.09885
6310,1.89057
6320,2.11487
6330,1.93863
6340,2.01874
6350,2.11487
6360,2.53144
6370,2.41929
6380,2.01874
6390,2.17896
6400,2.14692
6410,2.30713
6420,1.9867
6430,1.8425
6440,1.89057
6450,2.17896
6460,2.25907
6470,1.89057
6480,2.25907
6490,2.00272
6500,2.09885
6510,2.03476
6520,1.85852
6530,2.19498
6540,2.27509
6550,2.16294
6560,2.45133
6570,1.66626
6580,2.45133
6590,2.56348
6600,1.74637
6610,2.24305
6620,1.81046
6630,2.06681
6640,1.93863
6650,2.16294
6660,2.211
6670,2.56348
6680,2.13089
6690,2.09885
6700,2.03476
6710,2.09885
6720,2.00272
6730,2.24305
6740,1.79444
6750,1.90659
6760,1.89057
6770,2.25907
6780,1.97068
6790,2.37122
6800,2.01874
6810,2.30713
6820,2.22703
6830,2.01874
6840,1.93863
6850,1.90659
6860,2.09885
6870,1.73035
6880,2.33918
6890,2.11487
6900,2.03476
6910,2.17896
6920,1.76239
6930,2.22703
6940,1.68229
6950,2.32316
6960,2.27509
6970,2.09885
6980,2.211
6990,1.87455
7000,2.25907
7010,2.06681
7020,2.05079
7030,2.00272
7040,2.14692
7050,2.54746
7060,2.08283
7070,1.92261
7080,2.03476
7090,2.211
7100,1.92261
7110,2.16294
7120,2.24305
7130,1.92261
7140,2.05079
7150,2.38724
7160,1.85852
7170,1.89057
7180,2.22703
7190,1.81046
7200,1.95466
7210,1.95466
7220,2.09885
7230,2.14692
7240,2.30713
7250,2.03476
7260,2.09885
7270,2.29111
7280,2.3552
7290,2.29111
7300,2.06681
7310,2.11487
7320,1.95466
7330,2.25907
7340,2.16294
7350,2.17896
7360,2.06681
7370,2.03476
7380,2.14692
7390,1.92261
7400,1.8425
7410,2.25907
7420,2.38724
7430,2.11487
7440,1.76239
7450,2.13089
7460,2.03476
7470,2.25907
7480,2.03476
7490,2.05079
7500,2.41929
7510,1.85852
7520,2.32316
7530,1.77842
7540,1.97068
7550,2.09885
7560,2.22703
7570,2.00272
7580,2.33918
7590,2.08283
7600,1.82648
7610,2.16294
7620,2.05079
7630,2.03476
7640,2.03476
7650,2.25907
7660,2.45133
7670,1.74637
7680,1.77842
7690,2.09885
7700,2.38724
7710,1.89057
7720,2.46735
7730,2.19498
7740,2.09885
7750,1.89057
7760,1.9867
7770,2.3552
7780,2.06681
7790,1.9867
7800,1.9867
7810,2.17896
7820,1.97068
7830,2.51542
7840,1.93863
7850,2.13089
7860,1.82648
7870,1.93863
7880,1.9867
7890,2.05079
7900,1.89057
7910,2.43531
7920,1.9867
7930,2.06681
7940,2.24305
7950,2.22703
7960,1.87455
7970,2.09885
7980,2.24305
7990,2.29111
8000,2.22703
8010,2.11487
8020,2.09885
8030,2.17896
8040,2.01874
8050,2.24305
8060,2.32316
8070,2.25907
8080,2.16294
8090,2.17896
8100,2.14692
8110,2.08283
8120,1.77842
8130,2.24305
8140,2.09885
8150,2.32316
8160,2.08283
8170,2.27509
8180,2.19498
8190,2.00272
8200,1.8425
8210,2.05079
8220,1.92261
8230,2.06681
8240,2.05079
8250,2.24305
8260,1.8425
8270,1.9867
8280,2.19498
8290,1.79444
8300,2.17896
8310,2.03476
8320,2.13089
8330,2.08283
8340,2.29111
8350,2.13089
8360,1.81046
8370,2.11487
8380,2.09885
8390,2.16294
8400,2.53144
8410,1.9867
8420,2.14692
8430,2.17896
8440,2.24305
8450,2.24305
8460,1.77842
8470,2.22703
8480,2.211
8490,2.06681
8500,2.24305
8510,2.30713
8520,2.32316
8530,1.87455
8540,1.60218
8550,1.89057
8560,2.17896
8570,2.06681
8580,2.22703
8590,2.03476
8600,2.13089
8610,2.11487
8620,1.97068
8630,2.17896
8640,2.03476
8650,2.03476
8660,2.13089
8670,2.17896
8680,2.09885
8690,1.90659
8700,1.82648
8710,2.45133
8720,2.05079
8730,2.37122
8740,2.11487
8750,1.9867
8760,2.00272
8770,1.9867
8780,2.24305
8790,2.51542
8800,2.37122
8810,2.38724
8820,2.06681
8830,1.90659
8840,1.71433
8850,2.24305
8860,1.73035
8870,2.24305
8880,2.211
8890,1.9867
8900,1.92261
8910,2.00272
8920,2.01874
8930,2.13089
8940,1.85852
8950,2.38724
8960,2.17896
8970,2.14692
8980,2.11487
8990,2.37122
9000,2.22703
9010,2.25907
9020,2.05079
9030,2.211
9040,1.66626
9050,1.90659
9060,2.00272
9070,1.85852
9080,1.81046
9090,2.45133
9100,2.40326
9110,2.22703
9120,2.01874
9130,2.11487
9140,1.89057
9150,2.32316
9160,2.01874
9170,2.01874
9180,1.90659
9190,2.37122
9200,1.85852
9210,2.46735
9220,2.05079
9230,2.30713
9240,2.4994
9250,2.06681
9260,2.19498
9270,1.97068
9280,1.81046
9290,2.19498
9300,1.92261
9310,2.00272
9320,1.81046
9330,2.05079
9340,1.8425
9350,1.8425
9360,2.48337
9370,2.45133
9380,1.97068
9390,1.9867
9400,2.03476
9410,2.14692
9420,2.16294
9430,2.3552
9440,1.9867
9450,2.03476
9460,2.37122
9470,2.211
9480,2.211
9490,2.01874
9500,2.33918
9510,2.05079
9520,2.30713
9530,2.37122
9540,2.09885
9550,2.06681
9560,2.46735
9570,1.74637
9580,2.22703
9590,1.82648
9600,2.05079
9610,1.92261
9620,2.14692
9630,2.211
9640,2.40326
9650,1.69831
9660,1.89057
9670,1.9867
9680,2.06681
9690,2.24305
9700,2.27509
9710,2.09885
9720,1.97068
9730,2.13089
9740,2.05079
9750,2.29111
9760,2.13089
9770,2.46735
9780,2.00272
9790,2.45133
9800,2.30713
9810,2.17896
9820,1.9867
9830,2.03476
9840,1.9867
9850,1.89057
9860,1.92261
9870,2.01874
9880,2.05079
9890,2.03476
9900,2.05079
9910,1.9867
9920,2.00272
9930,1.93863
9940,2.06681
9950,2.17896
9960,2.01874
9970,1.90659
9980,2.09885
9990,2.08283
10000,1.87455
10010,2.06681
10020,2.00272
10030,2.11487
10040,2.45133
10050,2.38724
10060,2.32316
10070,2.00272
10080,1.89057
10090,2.22703
10100,2.11487
10110,2.25907
10120,2.05079
10130,1.95466
10140,2.24305
10150,2.27509
10160,2.13089
10170,2.37122
10180,2.32316
10190,1.97068
10200,1.95466
10210,2.00272
10220,2.09885
10230,2.19498
10240,2.19498
10250,2.01874
10260,1.93863
10270,2.13089
10280,1.95466
10290,2.00272
10300,2.16294
10310,2.05079
10320,1.93863
10330,2.17896
10340,2.24305
10350,2.211
10360,1.85852
10370,2.01874
10380,2.24305
10390,2.00272
10400,2.51542
10410,2.211
10420,2.14692
10430,2.22703
10440,2.06681
10450,2.40326
10460,2.01874
10470,2.03476
10480,2.11487
10490,1.9867
10500,1.79444
10510,1.77842
10520,2.01874
10530,1.95466
10540,2.11487
10550,1.92261
10560,2.25907
10570,2.45133
10580,1.95466
10590,2.24305
10600,2.37122
10610,1.9867
10620,1.77842
10630,2.43531
10640,2.45133
10650,1.66626
10660,2.22703
10670,2.05079
10680,1.97068
10690,1.9867
10700,2.32316
10710,2.06681
10720,2.41929
10730,2.14692
10740,1.8425
10750,2.3552
10760,1.97068
10770,2.00272
10780,2.03476
10790,1.93863
10800,1.87455
10810,2.4994
10820,2.40326
10830,2.01874
10840,1.90659
10850,2.19498
10860,1.90659
10870,2.16294
10880,1.9867
10890,2.22703
10900,2.08283
10910,2.30713
10920,2.14692
10930,2.19498
10940,1.85852
10950,1.71433
10960,2.29111
10970,2.08283
10980,2.17896
10990,2.14692
11000,2.05079
11010,2.19498
11020,2.05079
11030,2.24305
11040,1.87455
11050,2.11487
11060,2.06681
11070,2.5795
11080,1.93863
11090,2.05079
11100,2.25907
11110,2.14692
11120,2.11487
11130,2.05079
11140,1.97068
11150,1.63422
11160,2.01874
11170,2.37122
11180,2.25907
11190,2.03476
11200,1.9867
11210,2.14692
11220,2.40326
11230,2.08283
11240,2.03476
11250,2.33918
11260,2.00272
11270,2.11487
11280,2.27509
11290,2.37122
11300,1.95466
11310,2.01874
11320,2.11487
11330,2.08283
11340,2.03476
11350,2.09885
11360,1.90659
11370,1.85852
11380,2.16294
11390,2.08283
11400,2.19498
11410,1.85852
11420,2.41929
11430,2.16294
11440,1.90659
11450,2.00272
11460,2.27509
11470,2.24305
11480,2.16294
11490,1.69831
11500,2.29111
11510,2.05079
11520,2.09885
11530,2.01874
11540,2.61155
11550,2.06681
11560,2.03476
11570,2.06681
11580,2.13089
11590,2.14692
11600,2.05079
11610,2.01874
11620,2.13089
11630,2.13089
11640,1.95466
11650,2.03476
11660,1.92261
11670,1.97068
11680,2.29111
11690,1.97068
11700,2.13089
11710,2.211
11720,2.00272
11730,2.19498
11740,2.22703
11750,1.90659
11760,1.82648
11770,1.97068
11780,2.43531
11790,2.03476
11800,1.89057
11810,2.24305
11820,1.9867
11830,2.11487
11840,1.93863
11850,2.211
11860,2.3552
11870,2.05079
11880,2.13089
11890,2.08283
11900,1.89057
11910,2.11487
11920,1.93863
11930,2.30713
11940,1.92261
11950,1.82648
11960,2.19498
11970,1.8425
11980,2.08283
11990,2.22703
12000,2.19498
12010,2.29111
12020,2.46735
12030,1.90659
12040,2.00272
12050,2.13089
12060,2.01874
12070,2.37122
12080,2.24305
12090,2.19498
12100,2.30713
12110,2.32316
12120,2.3552
12130,1.97068
12140,2.19498
12150,2.03476
12160,1.90659
12170,2.09885
12180,2.09885
12190,2.22703
12200,2.41929
12210,2.11487
12220,2.19498
12230,2.30713
12240,2.22703
12250,2.13089
12260,1.87455
12270,2.14692
12280,2.211
12290,1.93863
12300,1.82648
12310,2.01874
12320,2.00272
12330,2.27509
12340,2.00272
12350,2.03476
12360,2.43531
12370,2.19498
12380,2.05079
12390,2.11487
12400,1.82648
12410,1.8425
12420,2.03476
12430,2.22703
12440,2.17896
12450,2.3552
12460,2.22703
12470,2.11487
12480,2.11487
12490,2.19498
12500,2.13089
12510,2.17896
12520,2.09885
12530,1.82648
12540,2.19498
12550,2.25907
12560,1.63422
12570,2.16294
12580,1.89057
12590,1.93863
12600,1.8425
12610,2.03476
12620,2.25907
12630,2.08283
12640,2.01874
12650,1.90659
12660,2.00272
12670,1.9867
12680,2.14692
12690,2.05079
12700,2.30713
12710,2.00272
12720,2.11487
12730,2.03476
12740,2.01874
12750,2.13089
12760,2.43531
12770,1.95466
12780,2.03476
12790,1.90659
12800,2.13089
12810,2.06681
12820,1.90659
12830,2.17896
12840,1.97068
12850,2.3552
12860,2.3552
12870,2.06681
12880,1.93863
12890,2.06681
12900,2.30713
12910,2.08283
12920,1.71433
12930,2.01874
12940,2.45133
12950,2.25907
12960,2.3552
12970,2.211
12980,2.13089
12990,2.09885
13000,2.13089
13010,2.41929
13020,1.81046
13030,1.97068
13040,2.00272
13050,2.25907
13060,2.211
13070,1.89057
13080,2.17896
13090,2.13089
13100,2.03476
13110,2.211
13120,2.16294
13130,1.97068
13140,1.9867
13150,2.08283
13160,1.77842
13170,2.13089
13180,2.17896
13190,2.06681
13200,2.01874
13210,1.73035
13220,1.69831
13230,2.06681
13240,2.00272
13250,1.95466
13260,2.05079
13270,2.05079
13280,1.63422
13290,1.9867
13300,1.87455
13310,1.68229
13320,1.74637
13330,2.03476
13340,2.16294
13350,2.03476
13360,2.14692
13370,1.71433
13380,1.77842
13390,1.97068
13400,2.13089
13410,1.95466
13420,1.92261
13430,2.01874
13440,1.9867
13450,1.68229
13460,2.16294
13470,1.71433
13480,1.95466
13490,1.90659
13500,2.14692
13510,1.8425
13520,1.8425
13530,1.9867
13540,1.89057
13550,1.8425
13560,1.81046
13570,1.95466
13580,2.05079
13590,2.29111
13600,1.79444
13610,2.22703
13620,1.85852
13630,1.81046
13640,2.14692
13650,2.14692
13660,2.03476
13670,1.93863
13680,2.01874
13690,1.9867
13700,1.69831
13710,1.9867
13720,1.87455
13730,1.87455
13740,2.3552
13750,1.97068
13760,2.17896
13770,1.85852
13780,2.22703
13790,1.71433
13800,2.30713
13810,1.40992
13820,1.95466
13830,2.33918
13840,1.85852
13850,1.79444
13860,1.81046
13870,1.97068
13880,2.03476
13890,1.9867
13900,1.8425
13910,1.95466
13920,2.22703
13930,2.01874
13940,1.68229
13950,2.09885
13960,1.82648
13970,2.01874
13980,1.8425
13990,2.45133
14000,2.03476
14010,1.55411
14020,2.06681
14030,1.95466
14040,1.97068
14050,2.24305
14060,1.87455
14070,1.58615
14080,2.06681
14090,2.03476
14100,1.87455
14110,1.93863
14120,1.97068
14130,1.79444
14140,1.82648
14150,1.9867
14160,2.16294
14170,2.46735
14180,1.87455
14190,1.65024
14200,1.8425
14210,2.11487
14220,2.00272
14230,2.00272
14240,1.74637
14250,2.05079
14260,1.81046
14270,2.22703
14280,1.85852
14290,1.6182
14300,1.82648
14310,1.79444
14320,1.93863
14330,1.9867
14340,1.73035
14350,2.00272
14360,2.01874
14370,2.08283
14380,1.93863
14390,1.85852
14400,2.03476
14410,1.85852
14420,2.01874
14430,2.00272
14440,2.16294
14450,2.16294
14460,1.90659
14470,1.9867
14480,2.24305
14490,1.74637
14500,2.00272
14510,1.74637
14520,1.81046
14530,1.77842
14540,2.14692
14550,1.44196
14560,2.03476
14570,2.37122
14580,1.92261
14590,2.01874
14600,2.09885
14610,2.00272
14620,1.69831
14630,1.66626
14640,1.85852
14650,1.74637
14660,1.93863
14670,1.65024
14680,1.8425
14690,2.24305
14700,2.01874
14710,1.8425
14720,2.22703
14730,1.9867
14740,2.03476
14750,2.06681
14760,1.71433
14770,1.87455
14780,2.06681
14790,2.08283
14800,1.87455
14810,2.25907
14820,2.03476
14830,2.08283
14840,2.14692
14850,1.66626
14860,2.00272
14870,1.85852
14880,1.8425
14890,2.08283
14900,2.03476
14910,2.06681
14920,2.05079
14930,1.93863
14940,1.81046
14950,1.76239
14960,1.9867
14970,2.03476
14980,1.63422
14990,2.08283
15000,2.03476
15010,2.211
15020,1.95466
15030,1.82648
15040,1.89057
15050,1.90659
15060,1.9867
15070,1.97068
15080,1.93863
15090,2.03476
15100,2.3552
15110,1.97068
15120,2.19498
15130,2.08283
15140,1.90659
15150,1.90659
15160,1.93863
15170,1.85852
15180,2.09885
15190,2.03476
15200,1.69831
15210,1.93863
15220,1.9867
15230,2.05079
15240,1.69831
15250,2.06681
15260,1.71433
15270,1.82648
15280,2.11487
15290,1.85852
15300,1.90659
15310,2.11487
15320,1.97068
15330,1.97068
15340,1.79444
15350,1.97068
15360,1.76239
15370,1.73035
15380,2.211
15390,2.27509
15400,1.8425
15410,1.60218
15420,1.87455
15430,2.00272
15440,1.82648
15450,2.03476
15460,1.74637
15470,1.68229
15480,2.08283
15490,1.95466
15500,2.06681
15510,2.11487
15520,2.09885
15530,1.82648
15540,1.95466
15550,1.89057
15560,1.97068
15570,2.37122
15580,1.50605
15590,2.00272
15600,1.76239
15610,1.73035
15620,2.211
15630,1.71433
15640,2.00272
15650,2.32316
15660,1.90659
15670,1.90659
15680,2.00272
15690,1.93863
15700,1.85852
15710,2.22703
15720,1.69831
15730,1.71433
15740,1.97068
15750,1.97068
15760,2.17896
15770,1.66626
15780,2.00272
15790,2.06681
15800,1.97068
15810,1.89057
15820,2.05079
15830,2.19498
15840,1.93863
15850,2.14692
15860,1.77842
15870,2.08283
15880,1.92261
15890,2.11487
15900,2.14692
15910,1.73035
15920,2.211
15930,1.77842
15940,2.16294
15950,2.01874
15960,1.93863
15970,1.73035
15980,2.05079
15990,1.9867
16000,1.93863
16010,1.82648
16020,2.13089
16030,1.85852
16040,1.76239
16050,1.74637
16060,2.19498
16070,2.03476
16080,1.79444
16090,2.09885
16100,1.87455
16110,1.85852
16120,1.8425
16130,2.13089
16140,2.211
16150,2.33918
16160,2.19498
16170,1.90659
16180,1.8425
16190,1.69831
16200,1.92261
16210,1.87455
16220,1.95466
16230,1.9867
16240,2.00272
16250,1.95466
16260,1.97068
16270,1.74637
16280,1.90659
16290,1.93863
16300,1.73035
16310,1.93863
16320,1.74637
16330,1.6182
16340,1.93863
16350,1.89057
16360,2.05079
16370,1.92261
16380,1.87455
16390,2.30713
16400,1.8425
16410,2.05079
16420,2.05079
16430,2.11487
16440,2.00272
16450,2.00272
16460,1.85852
16470,1.79444
16480,1.95466
16490,2.11487
16500,1.66626
16510,2.05079
16520,1.71433
16530,1.90659
16540,1.8425
16550,2.09885
16560,1.77842
16570,2.43531
16580,1.95466
16590,2.41929
16600,2.16294
16610,1.95466
16620,2.16294
16630,1.73035
16640,2.06681
16650,2.05079
16660,1.58615
16670,1.82648
16680,1.90659
16690,1.76239
16700,1.76239
16710,1.58615
16720,1.87455
16730,2.00272
16740,1.68229
16750,2.17896
16760,2.00272
16770,1.87455
16780,1.92261
16790,1.92261
16800,2.11487
16810,1.90659
16820,1.9867
16830,1.90659
16840,2.25907
16850,1.93863
16860,1.85852
16870,1.90659
16880,1.85852
16890,1.79444
16900,1.85852
16910,2.08283
16920,1.9867
16930,1.79444
16940,2.22703
16950,2.16294
16960,2.01874
16970,2.16294
16980,2.03476
16990,2.16294
17000,1.89057
17010,2.17896
17020,1.8425
17030,1.93863
17040,2.00272
17050,1.97068
17060,1.93863
17070,2.25907
17080,1.71433
17090,1.87455
17100,1.76239
17110,1.82648
17120,1.92261
17130,2.25907
17140,1.89057
17150,2.25907
17160,2.01874
17170,1.57013
17180,2.03476
17190,1.82648
17200,1.69831
17210,1.71433
17220,1.95466
17230,1.95466
17240,2.01874
17250,1.77842
17260,1.77842
17270,1.68229
17280,1.79444
17290,1.73035
17300,1.65024
17310,1.92261
17320,2.16294
17330,2.13089
17340,1.90659
17350,1.85852
17360,1.97068
17370,2.17896
17380,1.81046
17390,1.71433
17400,1.81046
17410,2.25907
17420,1.79444
17430,2.19498
17440,1.77842
17450,1.85852
17460,1.92261
17470,1.82648
17480,1.95466
17490,2.46735
17500,1.9867
17510,2.09885
17520,1.97068
17530,1.92261
17540,1.76239
17550,1.68229
17560,2.00272
17570,1.92261
17580,1.69831
17590,2.16294
17600,1.97068
17610,1.82648
17620,1.97068
17630,1.76239
17640,1.92261
17650,1.89057
17660,1.76239
17670,1.85852
17680,1.89057
17690,1.77842
17700,1.90659
17710,2.16294
17720,1.92261
17730,2.03476
17740,2.11487
17750,1.8425
17760,1.8425
17770,1.87455
17780,1.95466
17790,1.87455
17800,1.73035
17810,1.77842
17820,2.08283
17830,1.63422
17840,1.92261
17850,1.9867
17860,2.00272
17870,1.90659
17880,1.68229
17890,2.00272
17900,1.77842
17910,1.68229
17920,2.03476
17930,1.87455
17940,1.69831
17950,1.79444
17960,2.01874
17970,1.93863
17980,1.87455
17990,1.73035
18000,1.82648
18010,2.05079
18020,2.16294
18030,1.90659
18040,2.08283
18050,1.8425
18060,1.71433
18070,1.63422
18080,1.9867
18090,1.82648
18100,1.71433
18110,1.73035
18120,1.79444
18130,1.76239
18140,1.71433
18150,1.82648
18160,1.93863
18170,1.71433
18180,1.82648
18190,1.81046
18200,1.73035
18210,1.93863
18220,1.9867
18230,1.97068
18240,2.00272
18250,1.73035
18260,1.81046
18270,1.87455
18280,1.85852
18290,1.71433
18300,1.69831
18310,1.60218
18320,1.95466
18330,1.60218
18340,1.93863
18350,1.97068
18360,2.00272
18370,1.92261
18380,1.76239
18390,1.79444
18400,1.85852
18410,1.71433
18420,1.9867
18430,1.69831
18440,1.79444
18450,2.05079
18460,1.73035
18470,1.82648
18480,1.63422
18490,1.57013
18500,2.05079
18510,1.71433
18520,2.17896
18530,1.90659
18540,1.82648
18550,1.69831
18560,1.95466
18570,1.53809
18580,1.63422
18590,1.60218
18600,1.77842
18610,1.6182
18620,1.71433
18630,1.65024
18640,1.68229
18650,1.57013
18660,1.71433
18670,1.77842
18680,1.77842
18690,1.65024
18700,1.92261
18710,1.90659
18720,1.66626
18730,1.95466
18740,2.03476
18750,1.89057
18760,1.73035
18770,1.63422
18780,1.89057
18790,1.71433
18800,1.6182
18810,1.34583
18820,1.81046
18830,1.66626
18840,1.474
18850,1.52207
18860,1.66626
18870,1.9867
18880,1.6182
18890,1.77842
18900,1.52207
18910,1.74637
18920,1.34583
18930,1.65024
18940,1.73035
18950,1.57013
18960,1.66626
18970,1.58615
18980,1.73035
18990,1.81046
19000,1.42594
19010,1.6182
19020,1.66626
19030,1.71433
19040,1.68229
19050,1.81046
19060,1.42594
19070,1.68229
19080,1.52207
19090,2.19498
19100,1.85852
19110,1.6182
19120,1.53809
19130,1.34583
19140,1.20163
19150,1.40992
19160,1.42594
19170,1.65024
19180,1.60218
19190,1.90659
19200,1.79444
19210,1.58615
19220,1.87455
19230,1.60218
19240,1.50605
19250,1.77842
19260,1.71433
19270,1.52207
19280,1.39389
19290,1.55411
19300,1.85852
19310,1.69831
19320,1.53809
19330,1.53809
19340,1.474
19350,1.42594
19360,1.16959
19370,1.85852
19380,1.53809
19390,1.28174
19400,1.44196
19410,1.45798
19420,1.65024
19430,1.31378
19440,1.79444
19450,1.15357
19460,1.6182
19470,1.63422
19480,1.36185
19490,1.39389
19500,1.39389
19510,1.474
19520,1.52207
19530,1.69831
19540,1.71433
19550,1.49002
19560,1.58615
19570,1.44196
19580,1.55411
19590,1.34583
19600,1.2497
19610,1.52207
19620,1.58615
19630,1.34583
19640,1.69831
19650,1.40992
19660,1.82648
19670,1.1055
19680,1.39389
19690,1.81046
19700,1.23368
19710,1.21765
19720,1.55411
19730,1.18561
19740,1.29776
19750,1.69831
19760,1.68229
19770,1.37787
19780,1.26572
19790,1.2497
19800,1.42594
19810,1.40992
19820,1.42594
19830,1.44196
19840,1.32981
19850,1.34583
19860,1.2497
19870,1.53809
19880,1.53809
19890,1.50605
19900,1.474
19910,1.31378
19920,1.34583
19930,1.2497
19940,1.26572
19950,1.00937
19960,1.53809
19970,1.32981
19980,1.31378
19990,1.66626
20000,1.21765
20010,1.28174
20020,1.36185
20030,1.44196
20040,1.28174
20050,1.57013
20060,1.2497
20070,1.26572
20080,1.21765
20090,1.34583
20100,1.36185
20110,1.68229
20120,1.2497
20130,1.23368
20140,1.37787
20150,1.18561
20160,1.28174
20170,1.12152
20180,1.08948
20190,1.05744
20200,1.32981
20210,1.02539
20220,1.34583
20230,1.32981
20240,0.99335
20250,1.26572
20260,1.20163
20270,1.1055
20280,1.16959
20290,1.50605
20300,1.23368
20310,1.26572
20320,1.05744
20330,1.42594
20340,1.02539
20350,1.23368
20360,1.13755
20370,1.08948
20380,1.29776
20390,1.20163
20400,1.02539
20410,1.21765
20420,1.07346
20430,1.12152
20440,1.05744
20450,1.36185
20460,1.00937
20470,1.12152
20480,1.18561
20490,1.12152
20500,1.28174
20510,1.16959
20520,1.21765
20530,1.00937
20540,1.00937
20550,1.04141
20560,0.99335
20570,1.13755
20580,1.2497
20590,1.07346
20600,0.977328
20610,1.07346
20620,1.07346
20630,1.2497
20640,0.913241
20650,0.897219
20660,1.08948
20670,0.913241
20680,1.05744
20690,1.07346
20700,0.833132
20710,1.05744
20720,0.881197
20730,0.929262
20740,0.961306
20750,0.961306
20760,0.81711
20770,1.1055
20780,1.00937
20790,0.929262
20800,0.81711
20810,1.31378
20820,0.737001
20830,0.913241
20840,1.04141
20850,1.04141
20860,0.961306
20870,1.18561
20880,0.881197
20890,0.849154
20900,0.849154
20910,0.99335
20920,0.977328
20930,0.785067
20940,0.688936
20950,0.945284
20960,0.961306
20970,0.881197
20980,0.833132
20990,0.913241
21000,0.929262
21010,0.849154
21020,0.977328
21030,0.737001
21040,0.704958
21050,0.833132
21060,0.99335
21070,0.785067
21080,0.929262
21090,0.961306
21100,0.961306
21110,0.849154
21120,0.801088
21130,0.720979
21140,0.897219
21150,0.833132
21160,0.801088
21170,0.977328
21180,0.801088
21190,0.801088
21200,0.688936
21210,0.496675
21220,0.865175
21230,0.81711
21240,0.737001
21250,0.801088
21260,0.753023
21270,0.753023
21280,0.753023
21290,0.81711
21300,0.977328
21310,0.688936
21320,0.688936
21330,0.704958
21340,0.688936
21350,0.704958
21360,0.640871
21370,0.753023
21380,0.704958
21390,0.592805
21400,0.769045
21410,0.54474
21420,0.81711
21430,0.672914
21440,0.913241
21450,0.897219
21460,0.528718
21470,0.785067
21480,0.496675
21490,0.769045
21500,0.480653
21510,0.833132
21520,0.913241
21530,0.640871
21540,0.720979
21550,0.512697
21560,0.977328
21570,0.640871
21580,0.833132
21590,0.672914
21600,0.737001
21610,0.737001
21620,0.576784
21630,0.640871
21640,0.688936
21650,0.720979
21660,0.592805
21670,0.720979
21680,0.913241
21690,0.737001
21700,0.81711
21710,0.833132
21720,0.801088
21730,1.1055
21740,1.07346
21750,1.04141
21760,1.08948
21770,1.12152
21780,1.18561
21790,1.58615
21800,1.32981
21810,1.52207
21820,1.77842
21830,1.53809
21840,1.6182
21850,1.63422
21860,1.71433
21870,1.65024
21880,1.53809
21890,1.90659
21900,2.29111
21910,2.00272
21920,2.25907
21930,1.9867
21940,2.33918
21950,2.06681
21960,2.33918
21970,2.14692
21980,2.14692
21990,2.41929
22000,2.30713
22010,2.05079
22020,2.05079
22030,2.38724
22040,1.87455
22050,1.8425
22060,1.6182
22070,1.85852
22080,1.57013
22090,1.55411
22100,1.2497
22110,1.31378
22120,1.31378
22130,1.28174
22140,1.05744
22150,0.945284
22160,0.99335
22170,0.688936
22180,0.592805
22190,0.961306
22200,0.704958
22210,0.849154
22220,0.849154
22230,0.640871
22240,0.704958
22250,0.54474
22260,0.496675
22270,0.336457
22280,0.496675
22290,0.464631
22300,0.27237
22310,0.384522
22320,0.352479
22330,0.480653
22340,0.464631
22350,0.54474
22360,0.54474
22370,0.416566
22380,0.416566
22390,0.368501
22400,0.336457
22410,0.368501
22420,0.256348
22430,0.400544
22440,0.352479
22450,0.464631
22460,0.336457
22470,0.432588
22480,0.336457
22490,0.400544
22500,0.416566
22510,0.384522
22520,0.352479
22530,0.352479
22540,0.320435
22550,0.432588
22560,0.384522
22570,0.336457
22580,0.336457
22590,0.27237
22600,0.352479
22610,0.352479
22620,0.176239
22630,0.240326
22640,0.192261
22650,0.320435
22660,0.336457
22670,0.240326
22680,0.304414
22690,0.384522
22700,0.448609
22710,0.528718
22720,0.320435
22730,0.400544
22740,0.240326
22750,0.160218
22760,0.480653
22770,0.224305
22780,0.304414
22790,0.304414
22800,0.304414
22810,0.27237
22820,0.336457
22830,0.208283
22840,0.288392
22850,0.384522
22860,0.320435
22870,0.224305
22880,0.128174
22890,0.288392
22900,0.368501
22910,0.240326
22920,0.224305
22930,0.27237
22940,0.27237
22950,0.224305
22960,0.27237
22970,0.352479
22980,0.208283
22990,0.0961306
23000,0.304414
23010,0.304414
23020,0.400544
23030,0.208283
23040,0.176239
23050,0.304414
23060,0.192261
23070,0.240326
23080,0.176239
23090,0.192261
23100,0.208283
23110,0.208283
23120,0.192261
23130,0.27237
23140,0.208283
23150,0.256348
23160,0.208283
23170,0.208283
23180,0.256348
23190,0.160218
23200,0.144196
23210,0.128174
23220,0.256348
23230,0.192261
23240,0.112152
23250,0.352479
23260,0.224305
23270,0.240326
23280,0.176239
23290,0.240326
23300,0.192261
23310,0.192261
23320,0.27237
23330,0.224305
23340,0.176239
23350,0.144196
23360,0.128174
23370,0.128174
23380,0.224305
23390,0.128174
23400,0.144196
23410,0.224305
23420,0.160218
23430,0.160218
23440,0.176239
23450,0.0961306
23460,0.0480653
23470,0.224305
23480,0.128174
23490,0.192261
23500,0.208283
23510,0.112152
23520,0.176239
23530,0.192261
23540,0.144196
23550,0.256348
23560,0.160218
23570,0.0320435
23580,0.0961306
23590,0.224305
23600,0.256348
23610,0.160218
23620,0.128174
23630,0.112152
23640,0.112152
23650,0.0961306
23660,0.0640871
23670,0.144196
23680,0.0801088
23690,0.128174
23700,0.128174
23710,0.0801088
23720,0.128174
23730,0.112152
23740,0.128174
23750,0.160218
23760,0.0640871
23770,0.160218
23780,0.0961306
23790,0.0961306
23800,0.112152
23810,0.0961306
23820,0.192261
23830,0.112152
23840,0.224305
23850,0.112152
23860,0.128174
23870,0.112152
23880,0.128174
23890,0.0640871
23900,0.112152
23910,0.112152
23920,0.112152
23930,0.0961306
23940,0.144196
23950,0.144196
23960,0.0320435
23970,0.0640871
23980,0.0640871
23990,0.0961306
24000,0.0961306
24010,0.0
24020,0.0801088
24030,0.0480653
24040,0.128174
24050,0.128174
24060,0.160218
24070,0.128174
24080,0.0801088
24090,0.160218
24100,0.0801088
24110,0.112152
24120,0.128174
24130,0.0640871
24140,0.112152
24150,0.0640871
24160,0.0160218
24170,0.112152
24180,0.0160218
24190,0.0160218
24200,0.0961306
24210,0.160218
24220,0.0961306
24230,0.128174
24240,0.0640871
24250,0.0480653
24260,0.192261
24270,0.0480653
24280,0.0801088
24290,0.0480653
24300,0.0480653
24310,0.0480653
24320,0.0160218
24330,0.0961306
24340,0.0640871
24350,0.0640871
24360,0.0480653
24370,0.0801088
24380,0.128174
24390,0.112152
24400,0.0480653
24410,0.144196
24420,0.0480653
24430,0.0640871
24440,0.0640871
24450,0.0801088
24460,0.0480653
24470,0.0480653
24480,0.112152
24490,0.0961306
24500,0.0320435
24510,0.0801088
24520,0.0961306
24530,0.0480653
24540,0.0160218
24550,0.0320435
24560,0.128174
24570,0.0320435
24580,0.0961306
24590,0.0160218
24600,0.128174
24610,0.0801088
24620,0.0801088
24630,0.0801088
24640,0.112152
24650,0.0801088
24660,0.0160218
24670,-0.0160218
24680,-0.0160218
24690,0.144196
24700,0.0961306
24710,0.0801088
24720,0.0640871
24730,0.0480653
24740,0.128174
24750,0.0801088
24760,0.0961306
24770,0.0160218
24780,0.0801088
24790,0.0320435
24800,0.0160218
24810,0.0
24820,-0.0320435
24830,0.0961306
24840,0.0320435
24850,0.0480653
24860,0.0480653
24870,0.0
24880,0.0480653
24890,-0.0160218
24900,-0.0160218
24910,0.0160218
24920,0.0480653
24930,0.0320435
24940,0.0320435
24950,0.0320435
24960,0.112152
24970,0.0480653
24980,0.0160218
24990,0.0640871
25000,0.0320435
25010,0.0801088
25020,0.0640871
25030,0.0160218
25040,-0.0160218
25050,0.0961306
25060,0.0160218
25070,0.128174
25080,-0.0160218
25090,0.0160218
25100,0.0320435
25110,0.0
25120,-0.0320435
25130,0.0
25140,-0.0160218
25150,0.0160218
25160,0.0480653
25170,0.0160218
25180,0.0480653
25190,0.0640871
25200,0.0480653
25210,0.0640871
25220,0.0480653
25230,0.0801088
25240,0.0640871
25250,-0.0320435
25260,0.0
25270,-0.0320435
25280,0.0480653
25290,0.0320435
25300,0.0320435
25310,-0.0160218
25320,-0.0640871
25330,0.0160218
25340,0.0320435
25350,0.0
25360,0.0640871
25370,0.0
25380,-0.0160218
25390,0.0480653
25400,0.0640871
25410,0.0160218
25420,0.0480653
25430,0.0480653
25440,0.0640871
25450,0.0160218
25460,0.0160218
25470,-0.0480653
25480,-0.0480653
25490,0.0480653
25500,0.0480653
25510,0.0
25520,-0.0160218
25530,-0.0160218
25540,-0.0160218
25550,-0.0160218
25560,0.0480653
25570,0.0640871
25580,-0.0320435
25590,0.0320435
25600,-0.0320435
25610,-0.0320435
25620,0.0480653
25630,0.0640871
25640,0.0160218
25650,0.0480653
25660,0.0160218
25670,0.0
25680,0.0640871
25690,0.0320435
25700,0.0
25710,-0.0160218
25720,-0.0160218
25730,0.0
25740,0.0160218
25750,-0.0480653
25760,-0.0320435
25770,0.0160218
25780,0.0801088
25790,-0.0480653
25800,0.0
25810,0.0480653
25820,0.0801088
25830,0.0160218
25840,0.0480653
25850,0.0160218
25860,0.0
25870,0.0320435
25880,-0.0640871
25890,-0.0160218
25900,0.0320435
25910,0.0160218
25920,0.0160218
25930,0.0640871
25940,-0.0320435
25950,-0.0320435
25960,-0.0320435
25970,0.0160218
25980,0.0160218
25990,0.0160218
26000,-0.0320435
26010,0.0320435
26020,-0.0320435
26030,0.0
26040,0.0160218
26050,0.0160218
26060,0.0160218
26070,-0.0160218
26080,0.0320435
26090,-0.0320435
26100,-0.0480653
26110,-0.0160218
26120,0.0160218
26130,0.0160218
26140,-0.0160218
26150,0.0320435
26160,0.0320435
26170,-0.0480653
26180,-0.0160218
26190,-0.0160218
26200,-0.0320435
26210,0.0320435
26220,0.0160218
26230,-0.0320435
26240,-0.0640871
26250,0.0
26260,0.0
26270,-0.0160218
26280,0.0160218
26290,0.0
26300,-0.0320435
26310,0.0320435
26320,-0.0160218
26330,0.0
26340,0.0160218
26350,0.0160218
26360,-0.0480653
26370,-0.0320435
26380,-0.0480653
26390,-0.0320435
26400,0.0160218
26410,0.0160218
26420,-0.0160218
26430,0.0
26440,0.0
26450,-0.0320435
26460,0.0320435
26470,0.0320435
26480,-0.0480653
26490,-0.0320435
26500,0.0
26510,-0.0480653
26520,0.0320435
26530,-0.0160218
26540,0.0320435
26550,-0.0320435
26560,0.0320435
26570,-0.0480653
26580,0.0
26590,0.0320435
26600,0.0480653
26610,0.0
26620,0.0
26630,0.0160218
26640,0.0
26650,-0.0320435
26660,0.0
26670,0.0160218
26680,0.0160218
26690,0.0320435
26700,0.0
26710,0.0160218
26720,0.0640871
26730,0.0480653
26740,0.0
26750,-0.0160218
26760,0.0
26770,-0.0320435
26780,-0.0801088
26790,0.0
26800,0.0160218
26810,0.0
26820,0.0320435
26830,0.0160218
26840,0.0320435
26850,-0.0320435
26860,0.0160218
26870,-0.0160218
26880,-0.0160218
26890,-0.0320435
26900,0.0320435
26910,0.0160218
26920,0.0320435
26930,-0.0160218
26940,0.0
26950,0.0160218
26960,0.0
26970,0.0160218
26980,0.0
26990,0.0160218
27000,0.0320435
27010,0.0
27020,-0.0320435
27030,0.0320435
27040,0.0
27050,-0.0640871
27060,0.0480653
27070,0.0160218
27080,0.0160218
27090,0.0160218
27100,-0.0640871
27110,-0.0320435
27120,-0.0160218
27130,0.0
27140,0.0320435
27150,-0.0160218
27160,-0.0160218
27170,-0.0160218
27180,-0.0320435
27190,0.0480653
27200,0.0160218
27210,0.0160218
27220,-0.0640871
27230,0.0320435
27240,0.0480653
27250,-0.0160218
27260,0.0160218
27270,0.0480653
27280,0.0320435
27290,0.0160218
27300,0.0
27310,0.0801088
27320,0.0
27330,0.0160218
27340,-0.0480653
27350,-0.0320435
27360,0.0
27370,-0.0320435
27380,0.0
27390,0.0320435
27400,0.0160218
27410,0.0
27420,0.0
27430,-0.0480653
27440,-0.0160218
27450,-0.0160218
27460,0.0640871
27470,-0.0480653
27480,-0.0640871
27490,0.0160218
27500,-0.0160218
27510,-0.0160218
27520,0.0
27530,-0.0320435
27540,-0.0160218
27550,0.0
27560,-0.0320435
27570,-0.0160218
27580,0.0320435
27590,0.0160218
27600,-0.0160218
27610,0.0
27620,-0.0320435
27630,0.0
27640,0.0320435
27650,0.0160218
27660,0.0160218
27670,0.0801088
27680,0.0320435
27690,0.0640871
27700,0.0
27710,0.0640871
27720,-0.0961306
27730,-0.0160218
27740,-0.0160218
27750,0.0
27760,0.0320435
27770,0.0160218
27780,0.0
27790,0.0160218
27800,-0.0320435
27810,-0.0160218
27820,-0.0320435
27830,0.0801088
27840,0.0
27850,0.0
27860,-0.0480653
27870,0.0480653
27880,0.0320435
27890,0.0160218
27900,0.0
27910,-0.0320435
27920,0.0320435
27930,0.0640871
27940,0.0320435
27950,0.0160218
27960,0.0320435
27970,0.0480653
27980,-0.0160218
27990,0.0
28000,-0.0160218
28010,0.0
28020,0.0160218
28030,0.0160218
28040,-0.0480653
28050,0.0
28060,0.0320435
28070,-0.0160218
28080,-0.0160218
28090,0.0
28100,-0.0640871
28110,-0.0160218
28120,-0.0320435
28130,0.0
28140,-0.0320435
28150,0.0160218
28160,0.0160218
28170,-0.0480653
28180,0.0320435
28190,0.0160218
28200,0.0160218
28210,0.0320435
28220,0.0
28230,-0.0160218
28240,-0.0160218
28250,0.0
28260,0.0160218
28270,-0.0160218
28280,0.0480653
28290,0.0801088
28300,-0.0160218
28310,0.0
28320,0.0
28330,0.0160218
28340,-0.0320435
28350,0.0160218
28360,0.0801088
28370,-0.0320435
28380,0.0160218
28390,-0.0480653
28400,0.0
28410,0.0320435
28420,0.0160218
28430,0.0
28440,-0.0160218
28450,-0.0160218
28460,-0.0480653
28470,0.0
28480,0.0
28490,-0.0160218
28500,0.0
28510,0.0160218
28520,0.0160218
28530,0.0
28540,0.0160218
28550,-0.0160218
28560,-0.0640871
28570,-0.0160218
28580,-0.0160218
28590,-0.0160218
28600,0.0320435
28610,0.0
28620,-0.0320435
28630,-0.0320435
28640,0.0160218
28650,0.0320435
28660,0.0320435
28670,-0.0320435
28680,0.0320435
28690,-0.0160218
28700,0.0640871
28710,-0.0160218
28720,0.0160218
28730,0.0480653
28740,0.0
28750,0.0160218
28760,-0.0160218
28770,-0.0160218
28780,0.0160218
28790,0.0480653
28800,-0.0320435
28810,0.0480653
28820,0.0480653
28830,0.0160218
28840,-0.0160218
28850,0.0160218
28860,-0.0160218
28870,0.0
28880,0.0
28890,-0.0160218
28900,0.0640871
28910,0.0480653
28920,0.0160218
28930,-0.0801088
28940,-0.0320435
28950,-0.0160218
28960,0.0480653
28970,0.0160218
28980,-0.0480653
28990,0.0
29000,0.0160218
29010,0.0480653
29020,0.0480653
29030,-0.0480653
29040,-0.0160218
29050,0.0160218
29060,-0.0160218
29070,0.0
29080,-0.0320435
29090,0.0160218
29100,0.0160218
29110,-0.0320435
29120,-0.0320435
29130,0.0640871
29140,-0.0160218
29150,0.0
29160,0.0320435
29170,-0.0160218
29180,0.0
29190,0.0
29200,0.0320435
29210,-0.0160218
29220,0.0
29230,0.0480653
29240,0.0320435
29250,-0.0160218
29260,0.0160218
29270,0.0320435
29280,0.0160218
29290,0.0320435
29300,0.0
29310,-0.0160218
29320,0.0480653
29330,0.0
29340,0.0160218
29350,-0.0320435
29360,-0.0160218
29370,0.0160218
29380,0.0160218
29390,0.0
29400,0.0160218
29410,0.0160218
29420,-0.0160218
29430,0.0320435
29440,0.0160218
29450,0.0
29460,-0.0160218
29470,0.0320435
29480,-0.0160218
29490,0.0160218
29500,0.0
29510,0.0160218
29520,0.0
29530,-0.0320435
29540,0.0
29550,-0.0640871
29560,0.0320435
29570,0.0
29580,-0.0160218
29590,-0.0160218
29600,0.0
29610,-0.0160218
29620,-0.0320435
29630,-0.0640871
29640,-0.0480653
29650,-0.0320435
29660,0.0160218
29670,0.0
29680,0.0160218
29690,-0.0320435
29700,0.0
29710,-0.0160218
29720,-0.0320435
29730,-0.0480653
29740,-0.0320435
29750,-0.0160218
29760,0.0160218
29770,-0.0320435
29780,-0.0320435
29790,0.0320435
29800,-0.0320435
29810,-0.0160218
29820,0.0320435
29830,0.0
29840,0.0640871
29850,-0.0160218
29860,0.0961306
29870,0.0
29880,0.0320435
29890,-0.0160218
29900,-0.0480653
29910,0.0320435
29920,-0.0320435
29930,0.0
29940,-0.0640871
29950,0.0160218
29960,0.0480653
29970,-0.0480653
29980,-0.0160218
